Text, Type
Cocaine, DRUG
Blow, DRUG
C, DRUG
candy, DRUG
coke, DRUG
doaline, DRUG
freeze, DRUG
girl, DRUG
happydust, DRUG
Mamacoca, DRUG
mojo, DRUG
monster, DRUG
nose, DRUG
pimp, DRUG
shot, DRUG
smokinggun, DRUG
snow, DRUG
sugar, DRUG
sweetstuff, DRUG
andwhitepowder, DRUG
Crack, DRUG
Base, DRUG
beat, DRUG
blast, DRUG
casper, DRUG
chalk, DRUG
devildrug, DRUG
gravel, DRUG
hardball, DRUG
hell, DRUG
kryptonite, DRUG
love, DRUG
moonrocks, DRUG
rock, DRUG
scrabble, DRUG
stonesandtornado, DRUG
Depressants, DRUG
Backwards, DRUG
blueheavens, DRUG
downie, DRUG
drowsyhigh, DRUG
greendragons, DRUG
idiotpills, DRUG
joyjuice, DRUG
M&M, DRUG
noworries, DRUG
peanut, DRUG
rainbows, DRUG
redbullets, DRUG
stoppers, DRUG
stumbler, DRUG
toolesandyellow, DRUG
Fentanyl, DRUG
Apache, DRUG
Chinagirl, DRUG
Chinatown, DRUG
dancefever, DRUG
friend, DRUG
goodfellas, DRUG
greatbear, DRUG
he-man, DRUG
jackpot, DRUG
kingivory, DRUG
murder8, DRUG
poison, DRUG
tangoandcashandTNT, DRUG
GHB, DRUG
Gamma-hydroxybutyricacid, DRUG
Caps, DRUG
cherrymeth, DRUG
everclear, DRUG
easylay, DRUG
fantasy, DRUG
G, DRUG
G-riffic, DRUG
gammahydrate, DRUG
Georgiahomeboy, DRUG
grievousbodilyharm, DRUG
liquidecstasy, DRUG
liquidX, DRUG
soapandsodiumoxybate, DRUG
Heroin, DRUG
AuntHazel, DRUG
bigH, DRUG
blackpearl, DRUG
brownsugar, DRUG
capitalH, DRUG
charley, DRUG
chinawhite, DRUG
dope, DRUG
goodhorse, DRUG
H, DRUG
hardstuff, DRUG
hero, DRUG
heroina, DRUG
littleboy, DRUG
mud, DRUG
perfecthigh, DRUG
smack, DRUG
stuffandtar, DRUG
Inhalants, DRUG
Airblast, DRUG
bolt, DRUG
boppers, DRUG
bulletbolt, DRUG
climax, DRUG
discorama, DRUG
hardware, DRUG
heart-on, DRUG
highball, DRUG
honeyoil, DRUG
huff, DRUG
laughinggas, DRUG
medusa, DRUG
moongas, DRUG
satan’ssecret, DRUG
thrustandwhiteout, DRUG
Ketamine, DRUG
Bump, DRUG
catkiller, DRUG
catvalium, DRUG
fortdodge, DRUG
green, DRUG
honeyoil, DRUG
jet, DRUG
K, DRUG
ket, DRUG
kitkat, DRUG
psychedelicheroin, DRUG
purple, DRUG
special K, DRUG
speciallacoke, DRUG
superacid, DRUG
superCandvitaminK, DRUG
LSD, DRUG
Lysergicaciddiethylamide, DRUG
A, DRUG
Acid, DRUG
blackstar, DRUG
blotter, DRUG
boomers, DRUG
cubes, DRUG
Elvis, DRUG
goldendragon, DRUG
L, DRUG
microdot, DRUG
paperacid, DRUG
pinkrobots, DRUG
superman, DRUG
twenty-five, DRUG
yellowsunshineandyingyang, DRUG
Marijuana, DRUG
420, DRUG
AuntMary, DRUG
baby, DRUG
bobby, DRUG
boom, DRUG
chira, DRUG
chronic, DRUG
ditch, DRUG
ganja, DRUG
grass, DRUG
greens, DRUG
hash, DRUG
herb, DRUG
MaryJane, DRUG
nigra, DRUG
Pot, DRUG
reefer, DRUG
rip, DRUG
root, DRUG
skunk, DRUG
stack, DRUG
torch, DRUG
weedandzambi, DRUG
MDMA, DRUG
Methylenedioxy-methamphetamine, DRUG
Adam, DRUG
bean, DRUG
bluekisses, DRUG
clarity, DRUG
clubdrug, DRUG
discobiscuits, DRUG
E, DRUG
ecstasy, DRUG
hugdrug, DRUG
lovedrug, DRUG
lover’sspeed, DRUG
Mercedes, DRUG
Molly, DRUG
NewYorkers, DRUG
peace, DRUG
roll, DRUG
whitedove, DRUG
XandXTC, DRUG
Mescaline, DRUG
Beans, DRUG
buttons, DRUG
cactus, DRUG
cactusbuttons, DRUG
cactushead, DRUG
chief, DRUG
lovetrip, DRUG
mesc, DRUG
mescal, DRUG
mezc, DRUG
moon, DRUG
peyoteandtopi, DRUG
Methamphetamine, DRUG
Beannies, DRUG
bluedevils, DRUG
chalk, DRUG
CR, DRUG
crank, DRUG
crystal, DRUG
crystalmeth, DRUG
fast, DRUG
granulatedorange, DRUG
ice, DRUG
meth, DRUG
Mexicancrack, DRUG
pink, DRUG
rock, DRUG
speckledbirds, DRUG
speed, DRUG
tinaandyellowpowder, DRUG
Methcathinone, DRUG
Bathtubspeed, DRUG
Cadillacexpress, DRUG
cat, DRUG
crank, DRUG
ephedrone, DRUG
gagers, DRUG
go-fast, DRUG
goob, DRUG
qat, DRUG
slicksuperspeed, DRUG
star, DRUG
theC, DRUG
tweeker, DRUG
wildcatandwonderstar, DRUG
Opium, DRUG
Ah-pen-yen, DRUG
aunti, DRUG
bigO, DRUG
blackstuff, DRUG
Chinesetobacco, DRUG
chocolate, DRUG
dopium, DRUG
dover’sdeck, DRUG
dreamgun, DRUG
hardstuff, DRUG
hocus, DRUG
joyplant, DRUG
O, DRUG
ope, DRUG
pinyen, DRUG
toxyandzero, DRUG
PCP, DRUG
Phencyclidine, DRUG
Angeldust, DRUG
belladonna, DRUG
blackwhack, DRUG
CJ, DRUG
cliffhanger, DRUG
crystaljoint, DRUG
Detroitpink, DRUG
elephanttranquilizer, DRUG
hog, DRUG
magic, DRUG
PeterPan, DRUG
sheets, DRUG
soma, DRUG
TAC, DRUG
trank, DRUG
whitehorizonandzoom, DRUG
Psilocybin, DRUG
psilocin, DRUG
Boomers, DRUG
god’sflesh, DRUG
littlesmoke, DRUG
magicmushroom, DRUG
Mexicanmushrooms, DRUG
mushrooms, DRUG
musk, DRUG
sherm, DRUG
shrooms, DRUG
sillyputtyandsimplesimon, DRUG
Ritalin, DRUG
Crackers, DRUG
oneandones, DRUG
pharming, DRUG
poorman’sheroin, DRUG
R-ball, DRUG
ritzants, DRUG
set, DRUG
skippy, DRUG
speedball, DRUG
tsandritz, DRUG
tsandrs, DRUG
vitaminRandwestcoast, DRUG
Rohypnol, DRUG
Circles, DRUG
forget-mepill, DRUG
larocha, DRUG
lunchmoneydrug, DRUG
Mexicanvalium, DRUG
pingus, DRUG
R2, DRUG
Reynolds, DRUG
roche, DRUG
roofies, DRUG
rope, DRUG
rufflesandwolfies, DRUG
Steroids, DRUG
Abolic, DRUG
anadrol, DRUG
arnolds, DRUG
bolasterone, DRUG
dihydrolone, DRUG
equipose, DRUG
gymcandy, DRUG
juice, DRUG
methyltestosterone, DRUG
proviron, DRUG
pumpers, DRUG
stackers, DRUG
therobolin, DRUG
weighttrainersandwinstrolV, DRUG
